,ID,target
0,test_2,0.3488583355915954
1,test_3,0.9999962202843176
2,test_4,0.9132266041724268
3,test_8,0.1861335653194984
4,test_9,0.9973049415475711
5,test_10,0.9999997265848345
6,test_11,0.42590330554287986
7,test_14,0.8242241212387327
8,test_16,0.07127187128742557
9,test_19,0.2493712088298085
10,test_20,0.34195831589377457
11,test_22,0.08211942626991452
12,test_23,0.03216978342593681
13,test_24,0.2750422068977277
14,test_26,0.19244645026212664
15,test_27,0.09159698063226349
16,test_28,0.3168695214517269
17,test_30,0.944091667026765
18,test_33,0.9975050630403592
19,test_34,0.10181544690110872
20,test_35,3.442898215320325e-05
21,test_36,0.10373338107045649
22,test_37,0.11235167573649542
23,test_40,0.999970268117284
24,test_41,0.06273275681834298
25,test_42,0.16187499431632785
26,test_43,0.54740785956357
27,test_44,0.28620347334416857
28,test_45,0.4585542930041489
29,test_46,0.6014562278833074
30,test_48,0.9959549602208733
31,test_49,0.5769042468549472
32,test_51,0.9786300557094607
33,test_52,0.8701228495126312
34,test_53,0.2508222762364572
35,test_54,0.9999991865773639
36,test_55,0.2937722961308246
37,test_56,0.9999991219378277
38,test_58,0.3504774062287992
39,test_59,0.9996317568364946
40,test_63,0.005219375637664898
41,test_64,0.34749335729279135
42,test_65,0.17903868764640374
43,test_66,0.4626305558757096
44,test_67,0.9999961792626124
45,test_69,0.3178709251188651
46,test_70,0.017636856666133065
47,test_71,0.19703390216193994
48,test_72,0.3871384548049974
49,test_75,0.4316868202215616
50,test_76,0.003043887955512835
51,test_78,0.12025518292842748
52,test_80,0.9999912254392419
53,test_81,0.019256905139528668
54,test_83,0.9989169807238334
55,test_85,0.38576682362145337
56,test_90,0.5236649650492119
57,test_92,0.11866226520338231
58,test_93,0.9977726456251597
59,test_94,0.9999092039330139
60,test_95,0.10365333181596412
61,test_96,0.9648141995639818
62,test_97,0.04954991249856997
63,test_98,0.3029217562721947
64,test_101,0.6345185902161293
65,test_102,0.001298881977415975
66,test_103,0.999979319590859
67,test_105,0.9265239124332021
68,test_106,0.9953103564700185
69,test_107,0.1671884737318759
70,test_108,0.08441932965771796
71,test_109,0.48950587907923143
72,test_110,0.9999990303069239
73,test_111,0.004276076462526868
74,test_112,0.02107256561506913
75,test_115,0.9999996863137008
76,test_116,0.9494328011754646
77,test_119,0.018211915144414528
78,test_120,0.9999560285507424
79,test_123,0.3998473595669578
80,test_124,0.01984934678329568
81,test_125,0.9999994860607323
82,test_126,0.03732260778417757
83,test_127,0.9985948381835674
84,test_130,0.20866496207488344
85,test_132,0.9206319869413772
86,test_133,0.017493677306909122
87,test_134,0.00018019475444235261
88,test_136,0.1141971663138333
89,test_137,0.07718047166693207
90,test_138,0.84081680523207
91,test_140,0.9875293014716398
92,test_141,0.9999987259263475
93,test_142,0.26912899693807407
94,test_143,0.950631371925214
95,test_145,0.2768893524724481
96,test_146,0.8964861141686155
97,test_147,0.2572087461826301
98,test_148,0.12224963593373696
99,test_149,0.03554307358159041
100,test_150,0.7560715993138899
101,test_151,0.9117144302833854
102,test_153,0.9521566674024062
103,test_154,0.470204057401279
104,test_157,0.5064567784598863
105,test_158,0.9461756680558983
106,test_160,0.9556463672501059
107,test_163,0.9999746348490887
108,test_165,0.9999999996349247
109,test_167,0.9487517224964295
110,test_168,0.03843365291771034
111,test_169,0.019894917708516598
112,test_170,0.07689060333563542
113,test_171,0.9931920119920267
114,test_172,0.16900308296905342
115,test_173,0.002073401186233691
116,test_174,0.36999241589736875
117,test_175,0.9999987476670849
118,test_176,0.9215687669367856
119,test_177,0.3227241422681439
120,test_178,0.9999681528643952
121,test_179,0.9997515238927891
122,test_181,0.3461242861441324
123,test_184,0.9993832190069981
124,test_186,0.9999998086355051
125,test_188,0.7675923903611745
126,test_189,0.35580253038087045
127,test_190,0.0029420791682579343
128,test_192,0.9987937992934003
129,test_193,0.9999997392981503
130,test_195,0.14027485573862186
131,test_196,0.9902072152139108
132,test_197,0.4744721772297941
133,test_198,0.0019715810237723903
134,test_201,0.008796128656762527
135,test_202,0.011841768996414441
136,test_203,0.9999641135710253
137,test_208,0.007018935709363604
138,test_209,0.13202634379428044
139,test_210,0.9999553569731956
140,test_211,0.1424001621666705
141,test_212,0.60164199665844
142,test_213,0.9615926574707796
143,test_214,0.39115118881775574
144,test_215,0.9997557453455057
145,test_216,0.9999378292797393
146,test_218,0.9992342792349578
147,test_219,0.3406351379004492
148,test_220,0.02417050963194425
149,test_221,0.3133101581759659
150,test_222,0.510600437311125
151,test_223,0.9999998979675992
152,test_224,0.05980404180176933
153,test_226,0.01644611403064895
154,test_227,0.16100633808974676
155,test_229,0.0775318775188539
156,test_231,0.03484655142169578
157,test_232,0.01914875396176339
158,test_233,0.4029065822838904
159,test_234,0.3876596947228821
160,test_236,0.9986256555820345
161,test_238,0.9755145410770469
162,test_240,0.01519169095228078
163,test_241,0.9511068342640612
164,test_242,0.8979804319085836
165,test_243,0.9512035138485964
166,test_244,0.27660778192503294
167,test_245,0.9999918710379038
168,test_250,0.9999413580075408
169,test_251,0.4196854772590428
170,test_252,0.0772142219319835
171,test_253,0.015511282062432064
172,test_254,0.050310511533138175
173,test_256,7.626405376987973e-05
174,test_258,0.4085099548433808
175,test_259,0.9759728312136867
176,test_260,0.2538445146847307
177,test_261,0.4410601890237153
178,test_263,0.18352960249642522
179,test_264,0.24691261959137328
180,test_266,0.9999580544138981
181,test_267,0.9998012032285313
182,test_268,0.9999986675299555
183,test_269,0.8624987808841179
184,test_270,0.08044406470297977
185,test_272,0.007910165273331932
186,test_273,0.3603094345603835
187,test_275,0.9999887778216686
188,test_276,0.9999960811677133
189,test_277,0.999999860940129
190,test_279,0.01089882798603798
191,test_281,0.1453279013617201
192,test_282,0.8724122419064523
193,test_283,0.9999769682747679
194,test_284,0.9658015245002365
195,test_285,0.9999638083492809
196,test_286,0.9925884318165181
197,test_289,0.42468593198566207
198,test_290,0.9386732996291068
199,test_291,0.9999999637005403
200,test_302,0.04178935915627161
201,test_303,0.01771836795379403
202,test_304,0.4454385486884561
203,test_306,0.0305519274160129
204,test_308,0.9971575369834471
205,test_309,0.5499103984809821
206,test_310,0.7750934419207067
207,test_311,0.27369048897091436
208,test_312,0.9974610605880014
209,test_313,0.6253737216956003
210,test_316,0.9999331026305318
211,test_318,0.32025049167189495
212,test_319,0.9930795781606374
213,test_321,0.8946658232557282
214,test_330,0.03995296457690058
215,test_331,0.0006001151346467756
216,test_334,0.2742358519943194
217,test_335,0.9999642672558986
218,test_337,0.29567596287040543
219,test_338,0.01863372036686373
220,test_339,0.20753188452568513
221,test_340,0.9874992102603004
222,test_342,0.5104389438283985
223,test_344,0.9962169981422974
224,test_345,0.2719220710915939
225,test_346,0.401050164658282
226,test_347,0.3370721250068659
227,test_348,0.34813156215332586
228,test_349,0.15921120444338913
229,test_350,0.39992315524013905
230,test_351,0.9999929591346619
231,test_352,0.16763464386152713
232,test_353,0.9645024658567077
233,test_354,0.9940932052326475
234,test_356,0.08321122031115812
235,test_359,0.9999987010702037
236,test_360,0.9999909720836696
237,test_361,0.10722197629322949
238,test_363,0.9999705023482868
239,test_365,0.0020767594982355926
240,test_366,0.9940228296898956
241,test_367,0.34406105435649426
242,test_368,0.03537957202614543
243,test_369,0.3117803681746714
244,test_371,0.16590726168306746
245,test_372,0.9751320939177969
246,test_373,0.018536581784797137
247,test_375,0.09583419095133021
248,test_378,0.4202867954632929
249,test_380,0.026848675748040982
250,test_381,0.9960115821237203
251,test_383,0.9421810601538739
252,test_384,0.9999998385389582
253,test_385,0.9999827738656517
254,test_386,0.09830887612657277
255,test_388,0.05691740750043107
256,test_389,0.9580139804327816
257,test_390,0.5248893228314786
258,test_393,0.0001569567973684879
259,test_394,0.032191689916141165
260,test_395,0.3407868505170941
261,test_396,0.05368241609654433
262,test_397,0.07760480375970738
263,test_398,0.727715869231236
264,test_401,0.5163810276602804
265,test_402,0.9999687766091891
266,test_403,0.9999763661122278
267,test_406,0.9862872250601042
268,test_407,0.04722051236149539
269,test_410,0.8274695787144085
270,test_411,0.44530381516892986
271,test_412,0.11404622895948979
272,test_413,0.007074576904537691
273,test_414,0.04927078653927663
274,test_416,0.6777483641038795
275,test_417,0.079943253980284
276,test_418,0.9999999998539897
277,test_419,0.6460694945693513
278,test_420,0.3587658733074874
279,test_421,3.718617991515686e-05
280,test_423,0.1392668927354374
281,test_424,0.13433634643566858
282,test_426,0.30774749032807674
283,test_428,0.005610943345370313
284,test_429,0.33722605751469237
285,test_430,0.9999187601429651
286,test_431,0.995941926191239
287,test_432,0.14173357777284887
288,test_435,0.015042513931673879
289,test_436,0.3941397078132199
290,test_437,0.38211337127625655
291,test_438,8.425094895840293e-05
292,test_441,0.9999698469252443
293,test_442,0.9448505127094151
294,test_444,0.0005940167544811909
295,test_445,0.9999997458276781
296,test_446,0.9999961831547608
297,test_447,0.9990885237214767
298,test_448,0.7997733221265582
299,test_449,0.9999593040069331
300,test_450,0.06860178318299463
301,test_452,0.9625320037678798
302,test_453,0.027487546158806747
303,test_454,0.3428084132157122
304,test_455,0.9959570983869397
305,test_456,0.9998773368446668
306,test_457,0.9775905176999483
307,test_458,0.9999968766061561
308,test_459,0.9937064816641278
309,test_461,0.9999946761032341
310,test_463,0.7621244400511914
311,test_464,0.9997272224959242
312,test_465,0.16656577039240303
313,test_466,0.24841851925245523
314,test_467,0.06338322408428905
315,test_470,0.9999970506405863
316,test_471,0.9811133038125467
317,test_473,0.43170797932865496
318,test_474,0.9927457811240393
319,test_475,0.046789041250756364
320,test_476,0.9979010366007645
321,test_477,0.16022839118836557
322,test_478,0.9933613926572802
323,test_479,0.12524267631636918
324,test_481,0.9999991949411808
325,test_482,0.8197058990395846
326,test_483,0.8843406899610836
327,test_484,0.4458463967995754
328,test_485,0.1566323203436095
329,test_486,0.4950236383502532
330,test_487,0.5479519538108605
331,test_488,0.3283023658808993
332,test_489,0.5158361486705914
333,test_490,0.14952434065006823
334,test_491,0.8959747784527601
335,test_492,0.34296689306266714
336,test_494,0.19100274738868353
337,test_496,0.9999455248980006
338,test_497,0.9998675696531474
339,test_498,0.9999907434930047
340,test_499,0.43536014872763623
341,test_500,0.9969646204692603
342,test_501,0.033838373380936475
343,test_502,0.6894276265632093
344,test_504,0.23270902469432322
345,test_505,0.0013569725493332804
346,test_507,0.9999983314722551
347,test_508,0.6010225605174061
348,test_509,0.9999992540887096
349,test_510,0.8619599442212093
350,test_511,0.07852323503284835
351,test_512,0.017636856666133065
352,test_513,0.3961020927249566
353,test_516,0.4977762103028029
354,test_517,0.9219569508907631
355,test_518,0.03796586698576649
356,test_520,0.011872541490920908
357,test_521,0.039369057209070274
358,test_524,0.9999869700629198
359,test_525,0.2308712535362061
360,test_526,0.4370546882555505
361,test_527,0.001190916998765334
362,test_530,0.4934521972051013
363,test_533,0.9999999879898399
364,test_534,0.02343607733714316
365,test_535,0.9999467097455529
366,test_536,0.8772961721012628
367,test_537,0.9976334704533832
368,test_539,0.95608418013101
369,test_540,0.5997827196534501
370,test_542,0.6033058988059578
371,test_544,0.14111656265461575
372,test_548,0.014103055118666637
373,test_550,0.9681316963371561
374,test_551,0.9882386900510713
375,test_552,0.4350708051591324
376,test_554,0.0456350639028886
377,test_555,0.9923488626533281
378,test_557,0.039488128604911785
379,test_560,0.06177326910849182
380,test_561,0.41779875841853575
381,test_562,0.5992760966507519
382,test_563,0.10614668075172622
383,test_565,0.9700879958389856
384,test_568,0.03676396760822655
385,test_569,0.9999984457808331
386,test_570,0.9999937465478529
387,test_571,0.020484384934717773
388,test_572,0.9996607113029992
389,test_573,0.02895200543232973
390,test_574,0.9999949336277564
391,test_575,0.25188386496718185
392,test_576,0.48966373331631535
393,test_579,0.999987339542889
394,test_580,0.004425169667251106
395,test_581,0.9941331090947791
396,test_582,0.9476697327210378
397,test_583,0.2950545105406692
398,test_585,0.999999563898813
399,test_586,0.9999952768569953
400,test_587,0.3404676250051635
401,test_590,0.9551859386776139
402,test_591,0.917253671062489
403,test_593,0.5177682238390822
404,test_595,0.9993619434787956
405,test_596,0.9999392425653789
406,test_597,0.5877305836351993
407,test_598,0.18863630488372152
408,test_599,0.9999670403997641
409,test_600,0.012904475259856293
410,test_601,0.014729721672703413
411,test_602,0.49757516895779347
412,test_603,0.19777759960501273
413,test_604,0.9999997353959958
414,test_605,0.03282827268965851
415,test_606,0.1650746311646765
416,test_607,0.9961925223604577
417,test_608,0.08639267705681494
418,test_609,0.5370255151449647
419,test_610,0.9908173009198379
420,test_613,0.9561016712166848
421,test_614,0.9882578630253747
422,test_615,0.9999664634262088
423,test_616,0.9886414793183752
424,test_617,0.999915050290286
425,test_619,0.979198022231843
426,test_620,0.9185441948594278
427,test_622,0.1478888548388942
428,test_625,0.11243469209124611
429,test_626,0.6556104912183391
430,test_627,0.9999974228130367
431,test_628,0.9999548380944793
432,test_629,0.055256261153776125
433,test_631,0.9999168967027304
434,test_632,0.9994927305028909
435,test_634,0.2996492006710378
436,test_635,0.998183854085133
437,test_637,0.07740876693722111
438,test_638,0.2778070215322037
439,test_639,0.9255812338836905
440,test_640,0.9999941705301073
441,test_641,0.9999328563628825
442,test_642,0.005430560827185437
443,test_644,0.9999989810170553
444,test_645,0.9935540382496415
445,test_647,0.9999750651550583
446,test_648,2.957760419240503e-05
447,test_649,0.999879251350721
448,test_650,0.06427702556977948
449,test_651,0.11455192160270931
450,test_653,0.9999961507467066
451,test_655,0.5626261434559654
452,test_656,0.99224904215348
453,test_657,0.09373920072967143
454,test_658,0.008652131722198213
455,test_659,0.6153333839091302
456,test_661,0.03349513301596634
457,test_662,0.20772314814224924
458,test_664,0.9858087789868597
459,test_667,0.9999996726792798
460,test_669,0.08891802023999208
461,test_672,0.027688948611324978
462,test_674,0.5349048822937875
463,test_675,0.9999967951733351
464,test_676,0.12428651083277925
465,test_677,0.6848606302391812
466,test_679,0.01494203501131411
467,test_680,0.9999699264514591
468,test_681,0.04582612221187651
469,test_682,0.16089199295152398
470,test_688,0.6294139344125954
471,test_689,0.35765044636643734
472,test_690,0.09562418844882237
473,test_691,0.9949409442385078
474,test_693,0.2822116215383924
475,test_695,0.9999980769853173
476,test_696,0.33554366746712877
477,test_697,0.9999944893371152
478,test_698,0.1388526864203029
479,test_699,0.3424171561451316
480,test_701,0.9941019654152454
481,test_703,0.9999999982618255
482,test_704,0.2600436374308037
483,test_705,0.420126080267705
484,test_706,0.6324189430720709
485,test_709,0.9948037983355484
486,test_711,0.9998937801459965
487,test_713,0.9959453468701851
488,test_714,0.05747783498409267
489,test_715,0.5788757192317421
490,test_716,0.9999999999999998
491,test_717,0.24069118395457556
492,test_718,0.9891187355230695
493,test_719,0.9748098360893961
494,test_722,0.9999889807118699
495,test_723,0.34287957384044
496,test_724,0.016627041120772203
497,test_726,0.9999999707545733
498,test_727,0.255927382596786
499,test_732,0.1669766464818521
500,test_734,0.17463415958064632
501,test_735,0.9525585336979074
502,test_736,0.22902586173781853
503,test_738,0.02643734185955276
504,test_739,0.6164642282548215
505,test_740,0.1020375120952846
506,test_741,0.9999443720531574
507,test_743,0.9946839430398893
508,test_744,0.761660980190754
509,test_746,0.38681828782715366
510,test_748,0.03954751703563089
511,test_749,0.0061748528134769705
512,test_751,0.999995547001346
513,test_752,0.10857744963788539
514,test_754,0.24337459749122728
515,test_755,0.9999434461847342
516,test_756,0.1170683026427137
517,test_757,0.9726566020586664
518,test_758,0.0023298929411991976
519,test_760,0.38789820379011813
520,test_761,0.9999812234053254
521,test_762,0.770407417483189
522,test_766,0.995231102081005
523,test_767,0.9999998941651228
524,test_768,0.4996351384222917
525,test_771,0.9999993747804826
526,test_772,0.9999230880069324
527,test_773,0.14307814681926007
528,test_776,0.5600458615501892
529,test_777,0.3177837464315124
530,test_778,0.007942673013273989
531,test_780,0.08742240880665349
532,test_782,0.460261901268165
533,test_784,0.9999986048359768
534,test_785,0.19295783947416115
535,test_786,0.16136735299129104
536,test_789,0.013161863660020593
537,test_790,0.19708387735151597
538,test_791,0.8223069012903218
539,test_792,0.011585536599390898
540,test_793,0.9999234657293304
541,test_794,0.1104518179757414
542,test_795,0.9988421769729763
543,test_797,0.666854244885914
544,test_802,0.000683211334212899
545,test_803,0.026990057313579216
546,test_806,0.36308994372265385
547,test_807,0.4861668710216085
548,test_808,0.3055866165783265
549,test_809,0.9858502883418173
550,test_810,0.3279764292003734
551,test_811,0.467419389202864
552,test_813,0.9896012944284188
553,test_814,0.9999889487130273
554,test_815,0.07768188435605587
555,test_817,0.27919447562625715
556,test_818,0.31147860006271444
557,test_819,0.11362051453447003
558,test_820,0.9999999954288687
559,test_821,0.9940271802577479
560,test_826,0.9999521802320317
561,test_827,0.14609805669416379
562,test_828,0.31151246913624475
563,test_832,0.5285965551388211
564,test_835,0.9999908771179399
565,test_837,0.9888010718968816
566,test_838,0.22574504274993343
567,test_840,0.9013325154301314
568,test_841,0.025292451371618955
569,test_843,0.575337288858807
570,test_844,0.3185155580158353
571,test_848,0.04571703458490693
572,test_849,0.0011111856113293981
573,test_850,0.0008400797811229396
574,test_851,0.004459894025336533
575,test_852,0.9998900037734062
576,test_853,0.21000486415277447
577,test_854,0.028385601651560552
578,test_856,0.9999975883558094
579,test_857,0.9999995636608788
580,test_860,0.272863711470148
581,test_861,0.13850979939354474
582,test_862,0.6010053726704234
583,test_863,0.9999909082284816
584,test_864,0.292671610066516
585,test_865,0.1388561705542437
586,test_867,0.9996280179356755
587,test_868,0.45447995792317136
588,test_870,0.11162790996323972
589,test_871,0.7544530867052457
590,test_873,0.4955836030314414
591,test_876,0.20279178383097254
592,test_879,0.9920881017492793
593,test_880,0.05834478100929239
594,test_881,0.11691256713664747
595,test_883,0.951745655197912
596,test_884,0.010077071724524312
597,test_885,0.07152598236433465
598,test_886,0.25875307070790887
599,test_887,0.27552909865685604
600,test_890,0.008274787882996099
601,test_891,0.0049066630126553485
602,test_892,0.19401961967496248
603,test_893,0.9461595806376627
604,test_895,0.2308712535362061
605,test_897,0.9999764122037641
606,test_898,0.0789543179100761
607,test_899,0.2862856240744116
608,test_900,0.0030777910778727402
609,test_901,0.9999276603370449
610,test_902,0.9996006875293297
611,test_903,0.9943991888963216
612,test_904,0.8172341076674687
613,test_905,0.9796847514314053
614,test_908,0.41182302735783194
615,test_910,0.05699296509400619
616,test_911,0.03382665855246878
617,test_912,0.20558394804432906
618,test_913,0.9990572949701703
619,test_916,0.999999675458367
620,test_917,0.17613718678612544
621,test_919,0.4753134219646652
622,test_920,0.07959236277080105
623,test_921,0.06087589331340711
624,test_922,0.007743741428922307
625,test_924,0.4056306634287539
626,test_925,0.3598100727729344
627,test_926,0.9877130422521271
628,test_927,0.9999667037347403
629,test_929,0.10376274977817258
630,test_930,0.5025275500031192
631,test_931,0.995082715769215
632,test_932,0.018777052679462457
633,test_933,0.22451803855423186
634,test_935,0.005667043287125686
635,test_937,0.22685340184687322
636,test_939,0.972385398585593
637,test_940,0.9999539346266119
638,test_942,0.0420910162333589
639,test_943,0.9994107921706895
640,test_944,0.011139254353182105
641,test_947,0.9987629050830996
642,test_949,0.2921369966307321
643,test_950,0.19634215004724498
644,test_951,0.1841887483320353
645,test_952,0.9999998339937155
646,test_953,0.9999999822334517
647,test_955,0.9999971965667194
648,test_956,0.9997010134793898
649,test_957,0.9748559718273205
650,test_960,0.34337132615926674
651,test_961,0.9969682246320631
652,test_963,0.0003414551259063513
653,test_964,0.9999725712283984
654,test_965,0.4123516102904513
655,test_968,0.9367645458239686
656,test_970,0.009936856711077002
657,test_971,0.8821976915974553
658,test_972,0.9942276197711344
659,test_973,0.9999868019651961
660,test_975,0.39789581649808875
661,test_979,0.974970062500792
662,test_980,0.9999881872413349
663,test_983,0.010045902954449633
664,test_984,0.9989564351974524
665,test_985,0.9999995848268471
666,test_986,0.9902635730393357
667,test_988,0.9974925639093861
668,test_989,0.3544941083267763
669,test_991,0.38482167803885237
670,test_992,0.5514553741319985
671,test_993,0.3997922639295864
672,test_997,0.06695118072466653
673,test_998,0.9898206888630426
674,test_1002,0.17310630947729352
675,test_1003,0.044787405321866
676,test_1004,0.021447421245851916
677,test_1005,0.2477330507451925
678,test_1007,0.18054796394665334
679,test_1009,0.9962667637830981
680,test_1011,0.9811199435285431
681,test_1014,0.04022695790471239
682,test_1015,0.1981353803611974
683,test_1016,0.9999828338395941
684,test_1017,0.9999999977786875
685,test_1019,0.9999996251470944
686,test_1020,0.1863010870969012
687,test_1021,0.8001454002578918
688,test_1022,0.26728355405309273
689,test_1023,0.9999794515609922
690,test_1024,0.9999935361774039
691,test_1025,0.9093122122629929
692,test_1027,0.21695306411363108
693,test_1028,0.43075392688358044
694,test_1029,0.573547761529405
695,test_1030,0.15783253322981286
696,test_1032,0.06408389470922411
697,test_1034,0.0028139871661288494
698,test_1035,0.004824855987648038
699,test_1038,0.22480306885223572
700,test_1039,0.9955652467351925
701,test_1040,0.9999797161836825
702,test_1041,0.19366292577525113
703,test_1043,0.4573890908950118
704,test_1044,0.9999728002048381
705,test_1045,0.9911589052110318
706,test_1047,0.5687378936329578
707,test_1048,0.5044617149611148
708,test_1050,0.95238172749618
709,test_1051,0.02143656346144297
710,test_1052,0.9980129535452601
711,test_1053,2.6880203500003412e-05
712,test_1055,0.9638834777699171
713,test_1056,0.999977163153754
714,test_1058,0.9999644039412822
715,test_1059,0.8121591466192305
716,test_1060,0.6079412386082832
717,test_1061,0.2782191025066571
718,test_1062,0.1633546721677704
719,test_1063,0.9999907506643672
720,test_1064,0.4287030709649941
721,test_1065,0.8307601912313364
722,test_1066,0.36668270754466564
723,test_1069,0.9999919018978198
724,test_1070,0.9999937082809743
725,test_1074,0.4826498269213647
726,test_1075,0.13756018690304675
727,test_1077,0.03498248950071077
728,test_1078,0.999926001030015
729,test_1079,0.08288438996454704
730,test_1080,0.7473705690146972
731,test_1081,0.06433316217984852
732,test_1082,0.03527685684402197
733,test_1083,0.0012927334753146088
734,test_1084,0.9895210713030882
735,test_1085,0.20816052232441973
736,test_1086,0.9749746270192854
737,test_1087,0.19265175204126528
738,test_1088,0.9915107740379066
739,test_1090,0.9968655658021022
740,test_1093,0.14744805063005348
741,test_1094,0.9999993612551253
742,test_1095,0.04015221573139211
743,test_1096,0.994346174978372
744,test_1098,0.013973117218500976
745,test_1103,0.8127671822403625
746,test_1104,0.3594827450456359
747,test_1105,0.003855010014308314
748,test_1107,0.0031454697486123563
749,test_1108,0.9999999460366342
750,test_1109,0.9999619398502559
751,test_1110,0.9999860408367972
752,test_1111,0.9868886776593762
753,test_1114,0.9999996573326329
754,test_1117,0.9998982436813924
755,test_1118,0.9999583376205301
756,test_1119,0.3372420778218445
757,test_1120,0.9856922354101204
758,test_1121,0.8152057706625621
759,test_1122,0.6832535918845453
760,test_1123,0.04926338946206868
761,test_1124,0.07252473798504978
762,test_1126,0.002017844163354491
763,test_1127,0.9999716599230443
764,test_1128,0.33403809411186963
765,test_1129,0.32864749693549444
766,test_1133,0.999991157287342
767,test_1135,0.905800784030951
768,test_1136,0.9998800321664637
769,test_1137,0.9999991279544564
770,test_1138,0.9999980706816255
771,test_1139,0.7079361567890481
772,test_1143,0.43098270995319893
773,test_1144,0.9999936845733616
774,test_1145,0.06259447423543489
775,test_1146,0.5264534882647658
776,test_1147,0.07971757723584229
777,test_1148,0.9999993321417124
778,test_1149,0.022858040126979524
779,test_1150,0.0037677015070379993
780,test_1152,0.7833287604600728
781,test_1153,0.9999999801684609
782,test_1154,3.422989817833222e-05
783,test_1155,0.938304571204545
784,test_1156,0.0008660648999544406
785,test_1157,0.9999998862244827
786,test_1161,0.01896815766142707
787,test_1163,0.999995126091041
788,test_1164,0.11016866416323938
789,test_1165,0.09138937258469321
790,test_1166,0.05833450461963189
791,test_1167,0.3523978993150422
792,test_1172,0.9388144764206451
793,test_1173,0.9997591874942703
794,test_1174,0.35802646004361005
795,test_1175,0.9234486255481865
796,test_1176,0.9940035275073449
797,test_1178,0.047779027691486974
798,test_1179,0.33672258415522577
799,test_1180,0.22873962736761314
800,test_1181,0.9999997202085215
801,test_1182,0.9644030530597282
802,test_1183,0.05422091970948988
803,test_1184,0.04354939302708522
804,test_1186,0.9999812349889844
805,test_1187,0.9727671051643884
806,test_1188,0.12816669365775718
807,test_1189,0.9929820231085208
808,test_1190,0.9999978886190677
809,test_1192,0.004241863900267995
810,test_1193,0.6591700899064143
811,test_1194,0.22130545302831495
812,test_1195,0.9939745382669106
813,test_1196,0.9999969834606158
814,test_1197,0.46527954440732816
815,test_1198,0.9999213768531097
816,test_1199,0.29717582363395
817,test_1200,0.14309751031368048
818,test_1202,0.5178756025940251
819,test_1204,0.019563167657283453
820,test_1205,0.08734113041471829
821,test_1206,0.6921045187103757
822,test_1207,0.25963781488854454
823,test_1208,0.9968363209191967
824,test_1211,0.08740409314232415
825,test_1212,0.19786415508850935
826,test_1213,0.20199245888219128
827,test_1214,0.999953569519389
828,test_1217,0.9999678243187305
829,test_1219,0.3139280852436999
830,test_1220,0.14945499138332277
831,test_1221,0.3883652783498671
832,test_1223,0.1270099056118107
833,test_1224,0.09853049854453107
834,test_1226,0.01817960104578551
835,test_1227,0.8071195646117096
836,test_1228,0.999999995173013
837,test_1230,0.04126940831464151
838,test_1231,0.2488288191375728
839,test_1232,0.23367414031613473
840,test_1234,0.4466764258419962
841,test_1237,0.998859248688299
842,test_1238,0.9999900612715641
843,test_1241,0.035127667532881
844,test_1243,0.999942545330759
845,test_1244,0.9999849922219698
846,test_1249,0.4569757759353581
847,test_1251,0.3645252958132788
848,test_1253,0.5082722023215823
849,test_1255,0.02123783709126642
850,test_1257,0.07184408791243231
851,test_1259,0.9999952342244347
852,test_1260,0.35188380080236437
853,test_1261,0.18949679512917575
854,test_1262,0.046702051304355716
855,test_1263,0.48686244803450596
856,test_1266,0.022713569604463905
857,test_1267,0.09439979432794335
858,test_1270,0.9977607784671715
859,test_1271,0.9996125237262928
860,test_1273,0.9975486553321954
861,test_1274,0.11837582376118139
862,test_1275,0.3168540062420074
863,test_1276,0.9953751655654176
864,test_1277,0.14699751899526142
865,test_1281,0.04280927032708804
866,test_1284,0.07861778002936572
867,test_1287,0.19491897668209832
868,test_1289,0.1917313737907739
869,test_1290,0.323508994533842
870,test_1293,0.002960370063899657
871,test_1294,0.999985475030894
872,test_1295,0.03234319627506982
873,test_1296,0.5015873141091688
874,test_1297,0.03844532716691415
875,test_1298,0.015569489886449456
876,test_1299,0.8108042033523984
877,test_1301,0.16844337786903388
878,test_1303,0.7967752678667084
879,test_1305,0.47999435272199675
880,test_1306,0.00898982304797802
881,test_1307,0.04422761235472398
882,test_1308,0.9974027843788994
883,test_1309,0.9999318406707259
884,test_1310,0.8391014843538719
885,test_1311,0.1528455182092877
886,test_1312,0.2552882734366046
887,test_1313,0.01113324778276041
888,test_1314,0.999925355629252
889,test_1317,0.9999932526139693
890,test_1320,0.3399939620324577
891,test_1323,0.32990927726798325
892,test_1325,0.3151475566494981
893,test_1326,0.9999298274351128
894,test_1329,0.0005364896344878951
895,test_1330,0.025573526846633554
896,test_1332,0.32359699884935594
897,test_1333,0.23811398789789132
898,test_1334,0.9999755166407067
899,test_1335,0.003192674944465824
900,test_1336,0.20623168675110656
901,test_1337,0.9810682984914845
902,test_1338,3.0149421794843707e-05
903,test_1341,0.9975333031139387
904,test_1342,0.00028779532485904383
905,test_1343,0.002132774014837784
906,test_1345,0.9999979921626461
907,test_1348,4.683716890787134e-05
908,test_1351,0.006837517210529412
909,test_1353,0.005994215501770219
910,test_1354,0.5925185355061878
911,test_1357,0.9999710235679649
912,test_1358,0.9999698438853059
913,test_1361,0.9933545718633819
914,test_1362,0.9037378290846357
915,test_1363,0.9162204404345708
916,test_1364,0.9997668292515761
917,test_1365,0.29819019886237663
918,test_1366,0.09307188346776483
919,test_1367,0.33660077501361413
920,test_1369,0.9186558311048142
921,test_1371,0.009456837863820825
922,test_1372,0.999985330031749
923,test_1373,0.8869329166746529
924,test_1375,0.023086140390294593
925,test_1376,0.9987594766808577
926,test_1379,0.08558038710011465
927,test_1380,0.017038473323475415
928,test_1381,0.4952319487375893
929,test_1382,0.24652316832064772
930,test_1383,0.9974259956525949
931,test_1384,0.9824176830589427
932,test_1385,0.45772045039254705
933,test_1387,0.46119273254555343
934,test_1388,0.02895200543232973
935,test_1391,0.23812699145836738
936,test_1392,0.9427051231159718
937,test_1393,0.9999953631787052
938,test_1394,0.8804621814101868
939,test_1397,0.9999998926642208
940,test_1399,0.8397960003278142
941,test_1400,0.973242908510172
942,test_1402,0.011416469069752948
943,test_1403,0.9999888505597159
944,test_1404,0.9999987596537129
945,test_1407,0.9993375535636979
946,test_1409,0.39231075947007715
947,test_1410,0.31968826968899056
948,test_1413,0.01704785506929288
949,test_1414,0.9999990835356561
950,test_1415,0.8335012089794086
951,test_1416,0.9999883569328379
952,test_1420,0.3168384914396293
953,test_1421,0.30476181387152734
954,test_1422,0.5797502743919
955,test_1423,0.999999971889377
956,test_1424,0.04311500115196695
957,test_1425,0.9979641426446884
958,test_1428,0.021587043822174475
959,test_1430,0.0030498178395322083
960,test_1434,0.3552466803036569
961,test_1435,0.9999989326438382
962,test_1436,0.0004203882252335327
963,test_1438,0.999999776266063
964,test_1440,0.20286386437106085
965,test_1443,0.9728585772380727
966,test_1444,0.9402714750634954
967,test_1445,0.9334303693535098
968,test_1446,0.1974770964270535
969,test_1447,0.0015998862943224384
970,test_1449,0.001983480011287964
971,test_1450,0.018358279568073555
972,test_1451,0.3206068104717167
973,test_1453,0.10642211907048577
974,test_1454,0.10511608690840206
975,test_1455,0.12437089079588276
976,test_1457,0.9954431239932561
977,test_1458,0.017982860533748438
978,test_1459,0.9988507277685523
979,test_1461,0.9222055235319208
980,test_1464,0.9792983708969534
981,test_1465,0.8430519671540785
982,test_1466,0.9999872693867962
983,test_1467,0.9956608548541886
984,test_1468,0.04617637733992685
985,test_1469,0.9999829898373347
986,test_1470,0.09966971488857289
987,test_1471,0.959655728885829
988,test_1472,0.5755162479531608
989,test_1473,0.9985918537091091
990,test_1474,0.001580900026773851
991,test_1475,0.8059771990885223
992,test_1476,0.33764648750048243
993,test_1477,0.1427160023771289
994,test_1480,0.20458700338464222
995,test_1482,0.08328353369354205
996,test_1483,0.25783728238960474
997,test_1485,0.3044121296258751
998,test_1486,0.9936175222997757
999,test_1489,0.35844231394243165
1000,test_1490,0.9999963058923974
1001,test_1492,0.9999757558650054
1002,test_1493,0.9999937475353312
1003,test_1494,0.9967009631147284
1004,test_1495,0.006992172408947347
1005,test_1497,0.9888342496441128
1006,test_1501,0.16250507180023124
1007,test_1502,0.0019479136484676386
1008,test_1503,0.7148412348049161
1009,test_1505,0.8199624866925174
1010,test_1506,0.35858088973213637
1011,test_1509,0.9999972508440337
1012,test_1512,0.48659719689922276
1013,test_1513,0.6551371959257902
1014,test_1515,0.9846354584269216
1015,test_1516,0.8165770885003872
1016,test_1520,0.4245701813592207
1017,test_1521,0.9950431546115284
1018,test_1523,0.9968632761740704
1019,test_1524,0.9997936688623588
1020,test_1525,0.09663569014024269
1021,test_1526,0.036260508710988175
1022,test_1527,0.08242614460026923
1023,test_1528,0.7556503802711874
1024,test_1529,0.1504430427578634
1025,test_1530,0.28311388401197196
1026,test_1531,0.00574473500225407
1027,test_1532,0.9728016793138876
1028,test_1533,0.24520573025969417
1029,test_1534,0.2882400684543292
1030,test_1535,0.4267108266431644
1031,test_1537,0.999999999999897
1032,test_1541,0.31666760278446227
1033,test_1542,0.9999981208645796
1034,test_1544,0.9995617602788684
1035,test_1546,0.9978126071848211
1036,test_1548,0.8324447088702773
1037,test_1549,0.8911925014067194
1038,test_1554,0.38977784771331264
1039,test_1555,0.9891860463977067
1040,test_1557,0.9987919303847466
1041,test_1559,0.20092327638375612
1042,test_1560,0.062475826595468756
1043,test_1562,0.999974707924003
1044,test_1563,0.41287686376347554
1045,test_1564,0.358640401717646
1046,test_1566,0.4913210293606281
1047,test_1567,0.9999934218874846
1048,test_1568,0.24335871623646255
1049,test_1569,0.4769711767688288
1050,test_1570,0.15350654420745607
1051,test_1571,0.1473001376218896
1052,test_1572,0.9951276735077144
1053,test_1575,0.9999894375819953
1054,test_1576,0.7900822384524648
1055,test_1577,0.12871786189941004
1056,test_1578,0.17626220602525747
1057,test_1580,0.11676001628460742
1058,test_1581,0.9920512869737366
1059,test_1582,0.9936559188439533
1060,test_1583,0.08815582580369045
1061,test_1586,0.9982514481987949
1062,test_1587,0.9999999585615295
1063,test_1588,0.9900145304379494
1064,test_1592,0.9999150356371457
1065,test_1593,0.35244697380764145
1066,test_1595,0.2580323643768126
1067,test_1600,0.9999696336546263
1068,test_1601,0.046674584115120626
1069,test_1602,0.03721290317776891
1070,test_1603,0.008059337161135991
1071,test_1606,0.02753132248746358
1072,test_1607,0.8530413563317494
1073,test_1608,0.3688220073720435
1074,test_1609,0.027783787356447764
1075,test_1610,0.022372287221534327
1076,test_1611,0.9996306241953125
1077,test_1612,0.3294080801243885
1078,test_1613,0.41989170999603603
1079,test_1614,0.10560858649784591
1080,test_1617,0.9998491664026922
1081,test_1618,0.9582603875128672
1082,test_1619,0.9999939924753626
1083,test_1620,0.9763446542335856
1084,test_1621,0.12125191679561527
1085,test_1622,0.06791886923940803
1086,test_1624,0.8948928528923006
1087,test_1625,0.9796704577420186
1088,test_1627,0.019733775221724252
1089,test_1628,0.3674831324951391
1090,test_1631,0.9713745448620672
1091,test_1632,0.9757357409129723
1092,test_1634,0.04901523082731346
1093,test_1636,0.9999234360671081
1094,test_1639,0.27428155171007174
1095,test_1641,0.382622020848068
1096,test_1643,0.1590229848239256
1097,test_1646,0.9970747397651685
1098,test_1648,0.9999591963919698
1099,test_1649,0.9915416492970317
1100,test_1650,0.29769774785953906
1101,test_1652,0.2041925087369412
1102,test_1653,0.47870462112933815
1103,test_1655,0.345900244153493
1104,test_1657,3.19190894637845e-13
1105,test_1658,0.09340927616910799
1106,test_1659,0.01697847630523774
1107,test_1660,0.9965884099003028
1108,test_1661,0.9999727161176779
1109,test_1662,0.999963304609941
1110,test_1663,0.0551177971224373
1111,test_1664,0.03419639862281275
1112,test_1665,0.834615765520074
1113,test_1666,0.4935132289896109
1114,test_1667,0.3338816435065362
1115,test_1669,0.01355574916644044
1116,test_1670,0.11739214705821233
1117,test_1671,0.30950258335155345
1118,test_1672,0.27329970458180824
1119,test_1674,0.3541656088313466
1120,test_1677,0.974200012165155
1121,test_1678,0.20444924983558496
1122,test_1679,2.3998157800173444e-05
1123,test_1681,0.9327798498531787
1124,test_1683,0.9976800487483809
1125,test_1684,0.999999838197899
1126,test_1685,0.04367992433290893
1127,test_1687,0.9953826252846744
1128,test_1688,0.9740059084328282
1129,test_1690,0.033152957242779765
1130,test_1692,0.9977857816600434
1131,test_1696,0.1261180868210258
1132,test_1697,0.9999958483792495
1133,test_1698,0.041031520691309435
1134,test_1699,0.06916057358697124
1135,test_1704,0.002218364077266503
1136,test_1705,0.9874259982252528
1137,test_1707,0.006860853026934098
1138,test_1708,0.025140730092835444
1139,test_1709,0.06412179217174521
1140,test_1710,0.17171151128108647
1141,test_1712,0.20408060313373397
1142,test_1713,0.048322691988230124
1143,test_1715,0.046269404055169265
1144,test_1716,0.9983056877193222
1145,test_1717,0.9999999959230867
1146,test_1721,0.5183165962358858
1147,test_1723,0.999724440905414
1148,test_1724,0.9950842609927444
1149,test_1725,0.24087750355278348
1150,test_1726,0.043156467894308236
1151,test_1727,0.9999987124130655
1152,test_1728,0.13669387951106657
1153,test_1729,0.9981890769092485
1154,test_1730,0.0403451756793315
1155,test_1731,0.28354530712409776
1156,test_1733,0.6598373418427563
1157,test_1734,0.9797036012461943
1158,test_1735,0.9999391229603882
1159,test_1736,0.4085445938154667
1160,test_1737,0.9948540115042264
1161,test_1738,0.9912732615955177
1162,test_1740,0.028619721084639515
1163,test_1743,0.3045459038134115
1164,test_1744,0.9998466055121534
1165,test_1745,0.03379852079076141
1166,test_1747,0.4860555074503184
1167,test_1748,0.9124969466303752
1168,test_1750,0.9854318117412353
1169,test_1751,0.9999991919076494
1170,test_1752,0.7359861102153314
1171,test_1753,0.9413125090022204
1172,test_1754,0.9999096212966869
1173,test_1756,0.9999747199034457
1174,test_1757,6.0661216078414446e-05
1175,test_1759,0.3397233287112226
1176,test_1760,0.9968505024644214
1177,test_1762,0.06475784997885031
1178,test_1763,0.8527424628862914
1179,test_1764,0.9997930816305842
1180,test_1765,0.01325091368382428
1181,test_1766,0.012799581894759606
1182,test_1767,0.12349655792280724
1183,test_1768,0.9688387744389296
1184,test_1769,0.023664837350925214
1185,test_1771,0.15331075193274907
1186,test_1772,0.9998592946280948
1187,test_1773,0.9934849989558185
1188,test_1774,0.03367824831715914
1189,test_1775,0.9285432242670898
1190,test_1776,0.6768541256909595
1191,test_1777,0.99997149796728
1192,test_1779,0.09213228390320286
1193,test_1781,0.03792759505880732
1194,test_1784,0.4586646888660091
1195,test_1785,0.41993017772931757
1196,test_1786,0.005099722374081563
1197,test_1787,0.03596969489107096
1198,test_1788,0.9999623922181328
1199,test_1790,0.9999934491202811
1200,test_1792,0.9795756180004896
1201,test_1794,0.9999999478782859
1202,test_1795,0.0015723808596440501
1203,test_1797,0.7991842122240965
1204,test_1799,0.314320936477069
1205,test_1804,0.3233864470353854
1206,test_1806,0.4612355959895171
1207,test_1808,0.999984632526691
1208,test_1809,0.003074665389881285
1209,test_1811,0.9999718876293673
1210,test_1812,0.9996970617682055
1211,test_1813,0.05293625146982412
1212,test_1814,0.0007051261704068864
1213,test_1815,0.4935132289896109
1214,test_1816,0.11967177812882905
1215,test_1818,0.27406446216804087
1216,test_1819,0.9917015744302464
1217,test_1820,0.375698491207548
1218,test_1821,0.31705598861870427
1219,test_1823,0.9999711232218488
1220,test_1824,0.18765175349790847
1221,test_1825,0.9964412124434783
1222,test_1827,0.9999552556112511
1223,test_1828,0.9998245381612824
1224,test_1829,0.9685488809316835
1225,test_1830,0.546998811928432
1226,test_1831,0.9999997477467996
1227,test_1832,0.5612021033742678
1228,test_1833,0.35211627932430534
1229,test_1836,0.12014893823570898
1230,test_1837,0.2611749529450683
1231,test_1838,0.999961357989765
1232,test_1840,0.9999844715360089
1233,test_1841,0.9747523193502357
1234,test_1843,0.8541893848693022
1235,test_1844,0.9580295650560321
1236,test_1846,0.33651099362866976
1237,test_1847,0.24962119573663125
1238,test_1848,0.9667288644942226
1239,test_1850,0.8979015006584268
1240,test_1851,0.043860167382257224
1241,test_1852,0.46636533724375095
1242,test_1853,0.013684958475720089
1243,test_1854,0.3782506097084289
1244,test_1856,0.9999981251216714
1245,test_1858,0.08936909025072538
1246,test_1860,0.10853019329738299
1247,test_1864,0.9999282023968847
1248,test_1866,0.9999736438384589
1249,test_1867,0.24411019397470834
1250,test_1868,0.9999355263558752
1251,test_1870,0.5434680001401021
1252,test_1872,5.678947282747653e-06
1253,test_1873,0.002911834823625556
1254,test_1874,0.9999444199417025
1255,test_1876,0.7362871988079976
1256,test_1877,0.1291935374889649
1257,test_1878,0.9999639105524649
1258,test_1879,0.9999996046655675
1259,test_1880,0.9676548356305713
1260,test_1882,0.08261091427273864
1261,test_1886,0.9972606369699519
1262,test_1887,0.41762767901810205
1263,test_1888,0.9669052551016036
1264,test_1892,0.16183412384256657
1265,test_1896,0.7241029483324964
1266,test_1897,0.0868446801479318
1267,test_1898,0.9870494743622628
1268,test_1899,0.21320668697143272
1269,test_1900,0.9999199017894338
1270,test_1902,0.9999529070332224
1271,test_1904,0.44151664880409863
1272,test_1905,0.9242735621682567
1273,test_1906,0.042012375859671346
1274,test_1907,0.011598035383547908
1275,test_1909,0.3862294974859136
1276,test_1911,0.30716989025480484
1277,test_1914,0.28170595714597846
1278,test_1915,0.28963798680682173
1279,test_1918,0.9979858690249443
1280,test_1921,0.18620534613624826
1281,test_1922,0.9570585355156499
1282,test_1927,0.08819391680334035
1283,test_1928,0.9986003060838406
1284,test_1930,0.42912501172088124
1285,test_1931,0.4180466956671174
1286,test_1932,0.9994127247226858
1287,test_1933,0.1198775940187934
1288,test_1934,0.38313753817016444
1289,test_1935,0.180007069907335
1290,test_1937,0.5398365505901187
1291,test_1938,0.31575510263895135
1292,test_1939,0.16843333830929608
1293,test_1941,0.16056670885608249
1294,test_1942,0.9999999912656082
1295,test_1943,0.005273161386565898
1296,test_1945,0.999802669914391
1297,test_1946,0.17434876214082312
1298,test_1947,0.19488752103268236
1299,test_1948,0.06634844077749881
1300,test_1949,0.0005165792155778401
1301,test_1951,0.5742919014678514
1302,test_1952,0.9654278657337171
1303,test_1954,0.47414292639067296
1304,test_1955,0.9976669543478798
1305,test_1956,0.9849120302942141
1306,test_1957,0.999966011755781
1307,test_1959,0.10774802695854196
1308,test_1960,0.9999999998302254
1309,test_1961,0.14566878468042466
1310,test_1967,0.9996870893813554
1311,test_1969,0.8495122707112511
1312,test_1970,0.3261692633144468
1313,test_1971,0.5779760783212651
1314,test_1972,0.028351581178089974
1315,test_1973,0.7566746634014195
1316,test_1975,0.03956824016297866
1317,test_1976,0.34451794882888337
1318,test_1977,0.17474590044677965
1319,test_1978,0.04225220934536015
1320,test_1979,0.42919881904566326
1321,test_1980,0.9978858885740349
1322,test_1982,0.16078541908165134
1323,test_1983,0.8675827135422195
1324,test_1984,0.9996208833257952
1325,test_1985,0.16127416099035394
1326,test_1986,0.9827215372076932
1327,test_1987,0.2877573121521694
1328,test_1988,0.24904890629330423
1329,test_1989,0.09159698063226349
1330,test_1990,0.024474702893510857
1331,test_1991,0.7719854838526784
1332,test_1992,0.9999992983851729
1333,test_1993,0.047393247236849984
1334,test_1994,0.3026611964796586
1335,test_1996,0.30828294414841445
1336,test_1999,0.2979289221172759
1337,test_2000,0.9999999948740053
1338,test_2002,0.9797887675581411
1339,test_2004,0.9999981508870597
1340,test_2005,0.9999981774500196
1341,test_2007,0.9962914553067796
1342,test_2010,0.09781753142739502
1343,test_2011,0.589183609564693
1344,test_2012,0.09050285491968117
1345,test_2014,0.99645396659931
1346,test_2015,0.9999640908955421
1347,test_2016,0.16384969907613525
1348,test_2017,0.16229223861235587
1349,test_2018,0.17796097335335884
1350,test_2019,0.25553940105878936
1351,test_2020,0.9980957295415772
1352,test_2021,0.9999935266142003
1353,test_2022,0.9546110215758962
1354,test_2023,0.9975001999017498
1355,test_2024,0.04713854411874866
1356,test_2026,0.992378881911579
1357,test_2027,0.14624315061164714
1358,test_2028,0.584241142093792
1359,test_2030,0.006316688360089021
1360,test_2031,0.999990967937142
1361,test_2032,0.19626510580673975
1362,test_2034,0.04345204173484212
1363,test_2035,0.999956693760981
1364,test_2036,0.10399389157602036
1365,test_2037,0.9999997647450115
1366,test_2038,0.03236205976391159
1367,test_2039,0.2166752049314506
1368,test_2041,0.5687590474698249
1369,test_2043,0.9980282092300934
1370,test_2044,0.9985684488291057
1371,test_2046,0.03220868780776601
1372,test_2049,0.0587665442425912
1373,test_2051,0.005339227167752966
1374,test_2052,0.9610342644663746
1375,test_2053,0.045355789265916976
1376,test_2054,0.37760944195004503
1377,test_2055,0.27983911453174254
1378,test_2058,0.11957199069902175
1379,test_2060,0.015413176387285078
1380,test_2061,0.0010790448034838625
1381,test_2063,0.9964354050807038
1382,test_2064,0.016256570269502186
1383,test_2065,0.9763466460663506
1384,test_2066,0.07736262581557478
1385,test_2070,0.932332960298147
1386,test_2071,0.43824521483550055
1387,test_2073,0.33249114400525265
1388,test_2074,0.20081037222502204
1389,test_2076,0.33198150584159175
1390,test_2077,0.00035224984805460344
1391,test_2078,0.9092589052935471
1392,test_2079,0.9288985901443452
1393,test_2080,0.005848803295780874
1394,test_2081,0.0334654142391084
1395,test_2082,0.5181409879718704
1396,test_2084,0.9999999103603374
1397,test_2086,0.35967773006610465
1398,test_2087,0.0657780625651157
1399,test_2088,0.9914618198628273
1400,test_2093,0.9999972356468769
1401,test_2094,0.1001396573794796
1402,test_2095,0.9525299789286007
1403,test_2096,0.014198976820901045
1404,test_2097,0.9761746545617908
1405,test_2098,0.054377932494265424
1406,test_2099,0.0682979043530808
1407,test_2100,0.9999197567861278
1408,test_2101,0.3427372596566358
1409,test_2102,0.9999994737351677
1410,test_2104,0.0006507446167575345
1411,test_2106,0.5047523320965082
1412,test_2111,0.035746852053884566
1413,test_2113,0.8907645117701676
1414,test_2114,0.9998828953666075
1415,test_2116,0.3494814091043231
1416,test_2117,0.9999917105465327
1417,test_2119,0.3205568015731495
1418,test_2121,0.246235353084134
1419,test_2122,0.9626018195022076
1420,test_2124,0.9830147149884914
1421,test_2125,0.6064450205167353
1422,test_2126,0.5852275461215674
1423,test_2127,0.9999444151482122
1424,test_2128,0.8265186828644459
1425,test_2129,0.3136437516446346
1426,test_2130,0.59447865011004
1427,test_2131,0.058116477630795006
1428,test_2133,0.27379603135126096
1429,test_2134,0.8840379153723117
1430,test_2135,0.9998605771957279
1431,test_2138,0.18562526652265643
1432,test_2139,0.9978903661346865
1433,test_2140,0.7582542773303871
1434,test_2141,0.999999999947528
1435,test_2143,0.357614166542991
1436,test_2145,0.1805246003901018
1437,test_2147,0.14912683163453153
1438,test_2148,0.9896356533928891
1439,test_2151,0.2461927410651104
1440,test_2153,0.09754171883439038
1441,test_2155,0.9999999976776424
1442,test_2157,0.9974322164737914
1443,test_2158,0.006771453269246574
1444,test_2159,0.9160572050992769
1445,test_2160,0.03725662650126982
1446,test_2161,0.2888795044029807
1447,test_2162,0.1686405115695468
1448,test_2163,0.9984934619693682
1449,test_2164,0.9988475102738337
1450,test_2166,0.18015540765815202
1451,test_2168,0.9999939924753626
1452,test_2169,0.9999998632894638
1453,test_2170,0.21012883282609207
1454,test_2172,0.999996593375116
1455,test_2173,0.021269196861743236
1456,test_2174,0.6548517009948782
1457,test_2176,0.9994947644764063
1458,test_2177,0.06774642307135767
1459,test_2179,0.005778611115241486
1460,test_2180,0.9999999999849973
1461,test_2181,0.9035979189400615
1462,test_2182,0.39539153950787553
1463,test_2183,0.9999911836517457
1464,test_2186,0.08708060916866703
1465,test_2187,0.9330009367128298
1466,test_2188,0.9958142481734604
1467,test_2189,0.9999735175518981
1468,test_2190,0.9987157194122458
1469,test_2192,0.9984563033597688
1470,test_2193,0.9993950145186936
1471,test_2195,0.9515627238395926
1472,test_2197,0.0007669805451133849
1473,test_2198,0.04887290221055059
1474,test_2199,0.03914277236601618
1475,test_2200,0.9436192864215648
1476,test_2202,0.999984798387268
1477,test_2203,0.9999976365411511
1478,test_2206,0.297091848730677
1479,test_2207,0.9160957789167863
1480,test_2209,0.9999954159257789
1481,test_2211,0.9611282307816396
1482,test_2213,0.2280742305496903
1483,test_2214,0.1798905487838521
1484,test_2215,0.044938727360083745
1485,test_2216,0.03310284054482589
1486,test_2218,0.8628321033726339
1487,test_2219,0.2547809726045109
1488,test_2220,0.04464024704078712
1489,test_2221,0.9999994977517932
1490,test_2222,0.23208166387215784
1491,test_2224,0.00682116154958216
1492,test_2226,0.06992784623375149
1493,test_2227,0.4961147345760443
1494,test_2228,0.9999989837342281
1495,test_2229,0.6375790314403674
1496,test_2230,0.9999990053683147
1497,test_2231,0.4915074511063909
1498,test_2233,0.2892482351242399
1499,test_2234,0.17162168659863206
1500,test_2235,0.38944330599189114
1501,test_2236,0.9665121121688323
1502,test_2237,0.028691641923171845
1503,test_2239,0.09726660009457644
1504,test_2241,0.9713757276789177
1505,test_2242,0.09384534394399138
1506,test_2245,0.999997622419191
1507,test_2246,0.9999865624370491
1508,test_2247,0.4955082898674448
1509,test_2249,0.03775461239973543
1510,test_2251,0.8041435526521188
1511,test_2252,0.999999897022978
1512,test_2254,0.22912218687434235
1513,test_2255,0.027798918374705394
1514,test_2256,0.9999507444114311
1515,test_2259,0.010194882959243031
1516,test_2260,0.017571812273460587
1517,test_2261,0.02842362030444695
1518,test_2264,0.9420072319652327
1519,test_2265,0.5365757580266669
1520,test_2266,0.005900358744393574
1521,test_2267,0.9703162381014806
1522,test_2268,0.41127376509874264
1523,test_2270,0.933638782507298
1524,test_2273,0.8170367933195429
1525,test_2274,0.18266434706279552
1526,test_2275,0.5550104011467596
1527,test_2278,0.1955912566362941
1528,test_2279,0.9999912721721645
1529,test_2280,0.31212846227871327
1530,test_2282,0.0014678210216529793
1531,test_2283,0.3616107493722826
1532,test_2285,0.4744936825384955
1533,test_2287,0.9868193981577235
1534,test_2290,0.3744905947859977
1535,test_2293,0.6181631522443359
1536,test_2295,0.6859037196264277
1537,test_2299,0.9889124285556872
1538,test_2300,0.9999989526030245
1539,test_2302,0.9999999999994786
1540,test_2303,0.275996378659395
1541,test_2306,0.9999999996125046
1542,test_2309,0.9674737431769749
1543,test_2312,0.9560196627123144
1544,test_2314,0.9999437643176315
1545,test_2315,0.2578977263330264
1546,test_2316,0.9546178636914382
1547,test_2317,0.9999233986718221
1548,test_2319,0.9999620881555238
1549,test_2320,0.053373338717138896
1550,test_2322,0.31186352623186214
1551,test_2323,0.1540763119068868
1552,test_2326,0.9591783909312528
1553,test_2328,0.9917720366491213
1554,test_2330,0.9999743433625533
1555,test_2332,0.005800756512272457
1556,test_2333,0.3136468879327305
1557,test_2334,0.015205655305877887
1558,test_2335,0.16545085448733496
1559,test_2337,0.07398941668432274
1560,test_2338,0.22306432004039928
1561,test_2339,0.9998921595197934
1562,test_2340,0.99389222127429
1563,test_2341,0.9892660594299272
1564,test_2343,0.9998363222456835
1565,test_2344,0.0029113340616822576
1566,test_2345,0.99999891666779
1567,test_2346,0.04496214326345347
1568,test_2348,0.5212045035786957
1569,test_2349,0.9999999628534595
1570,test_2352,0.24043418418654713
1571,test_2353,0.9999703099115451
1572,test_2354,0.7456266550842456
1573,test_2356,0.06599982360594987
1574,test_2357,0.5923660109082176
1575,test_2358,0.9221560930000987
1576,test_2362,0.9988570054748012
1577,test_2364,0.9971258708840286
1578,test_2365,0.9999514150150837
1579,test_2367,0.0171910820527182
1580,test_2368,0.025350555556259417
1581,test_2371,0.1436458075905732
1582,test_2373,0.015834591174317417
1583,test_2374,0.4745294278577036
1584,test_2375,0.22796816461170605
1585,test_2377,0.09332300087262287
1586,test_2378,0.8583286567408522
1587,test_2379,0.9688231832436753
1588,test_2380,0.9911623003965843
1589,test_2381,0.9760578592677723
1590,test_2382,0.327441954125409
1591,test_2385,0.9999763328429815
1592,test_2386,0.37801436925505716
1593,test_2389,0.1466917677954006
1594,test_2390,0.994011906553242
1595,test_2391,0.9923780180440885
1596,test_2393,0.9958885545341326
1597,test_2394,0.5708069047025611
1598,test_2396,0.09207824242548132
1599,test_2400,0.9975325616779895
1600,test_2401,0.8762415585662037
1601,test_2402,0.9980354275868641
1602,test_2404,0.3351694588873348
1603,test_2405,0.9445061623031825
1604,test_2406,0.9640420656276152
1605,test_2407,0.044530180930050844
1606,test_2409,0.990252076344458
1607,test_2410,0.11946626763608638
1608,test_2412,0.9930684236042601
1609,test_2413,0.45661254761458564
1610,test_2414,0.0754282162785581
1611,test_2416,0.6871147172842081
1612,test_2417,0.20005811467389678
1613,test_2418,0.5100157601102707
1614,test_2420,0.9999951632378883
1615,test_2423,0.9999404743822182
1616,test_2424,0.97517800712687
1617,test_2425,0.0162839078880539
1618,test_2426,0.9999988492799313
1619,test_2428,0.9986300617312619
1620,test_2429,0.14381011359816154
1621,test_2430,0.9990298649595877
1622,test_2431,0.9999314600013355
1623,test_2433,0.056820391382993586
1624,test_2434,0.23686359753056374
1625,test_2435,0.8977645511270972
1626,test_2436,0.0615473694930385
1627,test_2437,0.8740821013893286
1628,test_2438,0.45883933414353484
1629,test_2439,0.9999998970539977
1630,test_2440,0.03124044039877641
1631,test_2441,0.01212318044149323
1632,test_2443,0.9989044859062282
1633,test_2444,0.9998195168326686
1634,test_2446,0.9990827274493094
1635,test_2447,0.10729072049045739
1636,test_2448,0.24744428685487072
1637,test_2449,0.0027728423994357056
1638,test_2450,0.9995183562572376
1639,test_2451,0.9999392224881459
1640,test_2452,0.21937216194415615
1641,test_2453,0.2981060588995654
1642,test_2454,0.5784521811813674
1643,test_2455,5.0306132876743045e-06
1644,test_2456,0.005134286425550703
1645,test_2457,0.029377129810492064
1646,test_2458,0.07815012431863384
1647,test_2459,0.4034178261878719
1648,test_2460,0.054728867597067445
1649,test_2462,0.999726995470886
1650,test_2464,0.2467391782360714
1651,test_2468,0.6100262978760742
1652,test_2470,0.4184483880108572
1653,test_2471,0.2701296922909572
1654,test_2473,0.9999617063975778
1655,test_2475,0.9801354564076472
1656,test_2476,0.9999993119399073
1657,test_2477,0.9999873270020316
1658,test_2481,0.9999582873360525
1659,test_2482,0.2405915130713396
1660,test_2484,0.2834636304282689
1661,test_2485,0.017646309426045708
1662,test_2486,0.23281923343416053
1663,test_2487,0.9999989562800784
1664,test_2489,0.999998235626808
1665,test_2492,0.09053475776192971
1666,test_2493,0.07146404873272655
1667,test_2494,0.2667497848906568
1668,test_2495,0.9999971779137761
1669,test_2496,0.10130854555536413
1670,test_2497,0.9597284727344882
1671,test_2499,0.10129804090804762
1672,test_2500,0.018237345828035646
1673,test_2502,0.979140934133979
1674,test_2503,0.9999983604379642
1675,test_2504,0.9776674328873848
1676,test_2505,0.9741132786313065
1677,test_2506,0.01575049141963318
1678,test_2509,0.9999999999835341
1679,test_2510,0.8012312375963316
1680,test_2511,0.9999488575286188
1681,test_2513,0.20852277808363498
1682,test_2516,0.029803738239295167
1683,test_2517,0.02744996630710965
1684,test_2518,0.14648888222396386
1685,test_2520,0.9051076622514254
1686,test_2523,0.802551632224268
1687,test_2524,0.07711404851881519
1688,test_2525,0.17209974288871127
1689,test_2528,0.9844112692572955
1690,test_2531,0.9979962590224023
1691,test_2532,0.4265001435308789
1692,test_2533,0.874769331657179
1693,test_2534,1.4595666035052144e-08
1694,test_2535,0.9999861722608829
1695,test_2537,0.10566011783229506
1696,test_2540,0.21760736440858794
1697,test_2541,0.012426511663362378
1698,test_2542,0.9999487524308697
1699,test_2544,0.10149428527662428
1700,test_2545,0.015196198980292288
1701,test_2547,0.021183890979642447
1702,test_2549,0.0007559709909778124
1703,test_2553,0.9973969403162606
1704,test_2556,0.9999997870669812
1705,test_2557,0.9984404250822978
1706,test_2558,0.9999937999959886
1707,test_2560,0.9998982466460148
1708,test_2561,0.8888475598182155
1709,test_2562,0.9927793066688168
1710,test_2563,0.9910886915065535
1711,test_2564,0.9999697736888246
1712,test_2565,0.8261478803050517
1713,test_2566,0.4135799601742777
1714,test_2567,0.00012672650749305454
1715,test_2571,0.1579145792991153
1716,test_2572,0.9999797876863534
1717,test_2574,0.9999999999987694
1718,test_2575,0.003436699665195465
1719,test_2576,0.9999576490710652
1720,test_2577,0.0022850834142055403
1721,test_2578,0.5178686190224044
1722,test_2579,0.9999853331858573
1723,test_2581,0.08953512095113643
1724,test_2582,0.08030085054441716
1725,test_2583,0.9771296448411612
1726,test_2584,0.9999999990903543
1727,test_2585,0.9849724940438639
1728,test_2586,0.9999956817738703
1729,test_2587,0.48905752065669117
1730,test_2588,0.9999286605434297
1731,test_2590,0.9936358852633661
1732,test_2593,0.44404899421127797
1733,test_2595,0.04062789989369852
1734,test_2596,0.12833361206003485
1735,test_2597,0.03165447519423588
1736,test_2598,0.8471779539410056
1737,test_2600,0.14938566863109484
1738,test_2602,0.058450524061798
1739,test_2603,0.47658085602805
1740,test_2604,0.20931281008275635
1741,test_2605,0.15674612932292442
1742,test_2606,0.9476697327210378
1743,test_2608,0.999999998962974
1744,test_2610,0.0005200593807158349
1745,test_2611,0.14988247379157976
1746,test_2612,0.01197792014774375
1747,test_2613,0.3748907779364577
1748,test_2614,0.0026897619081542707
1749,test_2616,0.3483433160580403
1750,test_2617,0.46049729798621336
1751,test_2620,0.9999974566607668
1752,test_2623,0.33217900554249974
1753,test_2624,0.21850320643082002
1754,test_2625,0.4401332088834158
1755,test_2626,0.22329325340304942
1756,test_2629,0.9902988000146796
1757,test_2632,0.3950140764160348
1758,test_2634,0.020247257738320243
1759,test_2635,0.9953586166245245
1760,test_2638,0.9965161086723909
1761,test_2639,0.00023525329112960574
1762,test_2640,0.9999478231464952
1763,test_2641,0.9633074307594336
1764,test_2642,0.0004172752072662624
1765,test_2643,0.4283761238266013
1766,test_2646,0.9553962243758888
1767,test_2648,0.3424559967558974
1768,test_2649,0.0008767630821217817
1769,test_2651,0.7627952709753585
1770,test_2652,0.002290851338100126
1771,test_2653,0.4327648174573914
1772,test_2654,0.9945172147628383
1773,test_2656,0.5576358430484953
1774,test_2659,0.04105356175615425
1775,test_2662,0.9999904745790107
1776,test_2663,0.9999996425206322
1777,test_2664,0.9092731360889742
1778,test_2665,0.1880854616565805
1779,test_2669,0.6050977583041593
1780,test_2671,0.22597847542903066
1781,test_2673,0.0037479775517709666
1782,test_2676,0.9481897719282003
1783,test_2677,0.14312745302901708
1784,test_2678,0.36358142906747354
1785,test_2681,0.03718771103976825
1786,test_2682,0.8754611606866155
1787,test_2683,0.9999997705053725
1788,test_2685,0.9981151358051287
1789,test_2686,0.010689312761600138
1790,test_2687,0.9999999026155536
1791,test_2689,0.9999997670703239
1792,test_2693,0.44228122811562265
1793,test_2694,0.14634176624700185
1794,test_2696,0.3881982150776215
1795,test_2699,0.7668232584006327
1796,test_2700,0.999995415463615
1797,test_2701,0.011806879502043056
1798,test_2702,0.15331264308890546
1799,test_2703,0.9999905340084088
1800,test_2704,0.045454725183073516
1801,test_2705,0.36157429394976304
1802,test_2707,0.8000490269103782
1803,test_2708,0.6279495128431648
1804,test_2709,0.9999978646614514
1805,test_2710,0.012186952355044724
1806,test_2711,0.02168153777259399
1807,test_2712,0.04332870621074796
1808,test_2713,0.9985558979434509
1809,test_2714,0.15840385477794416
1810,test_2715,0.758858998340346
1811,test_2716,0.9999952465226356
1812,test_2717,0.014697880533010025
1813,test_2718,0.013955921673635147
1814,test_2721,0.012005640890591933
1815,test_2722,0.9238888609970105
1816,test_2723,0.9915107740379066
1817,test_2724,0.8635609885844342
1818,test_2725,0.06437983130055655
1819,test_2726,0.8030720185139213
1820,test_2727,0.206836285552738
1821,test_2728,0.2506173422490121
1822,test_2729,0.9999950133542461
1823,test_2731,0.9476967757313138
1824,test_2732,0.22237348560134548
1825,test_2733,0.30858611225092447
1826,test_2735,0.5102668179097839
1827,test_2736,0.280931071314369
1828,test_2739,0.02174160582822432
1829,test_2740,0.9878336980074268
1830,test_2741,0.9830518335614544
1831,test_2742,0.9999108836730798
1832,test_2743,0.9999997414968538
1833,test_2746,0.0004752703822192824
1834,test_2748,0.9943308222089438
1835,test_2749,0.47456880625408815
1836,test_2750,0.000168808542637453
1837,test_2751,0.010934321611652578
1838,test_2752,0.9893454868180108
1839,test_2753,0.003450937230755731
1840,test_2754,0.9999639022656877
1841,test_2755,0.7951503907253198
1842,test_2756,0.3994512585018717
1843,test_2757,0.9865837783182092
1844,test_2758,0.05417309607978933
1845,test_2759,0.02909723290699346
1846,test_2761,0.5649525541250449
1847,test_2762,0.9976332351823971
1848,test_2766,0.8293122200171478
1849,test_2772,0.9621234916750695
1850,test_2773,0.59447865011004
1851,test_2774,0.9974415366989805
1852,test_2775,0.3388867290368576
1853,test_2776,0.20407823668290864
1854,test_2780,0.028374514130461277
1855,test_2782,0.036389655733030685
1856,test_2783,0.00973470833486656
1857,test_2784,0.30066534338307743
1858,test_2785,0.2891715680002698
1859,test_2787,0.29270128732710937
1860,test_2788,0.9999288425512217
1861,test_2789,0.0008253777287501878
1862,test_2791,0.36530035311324616
1863,test_2792,0.8121678586611533
1864,test_2794,0.7531904250428062
1865,test_2795,0.12702580130044344
1866,test_2796,0.9958288816435312
1867,test_2798,0.37650347651373217
1868,test_2800,0.9965341004584658
1869,test_2801,0.9999999992297284
1870,test_2802,0.06804440584468247
1871,test_2804,0.6529024157856433
1872,test_2805,0.9362618467953914
1873,test_2809,0.999966225733108
1874,test_2813,0.053985115414251994
1875,test_2816,0.42478061724605287
1876,test_2819,0.9919860464165859
1877,test_2820,0.0007000769114281758
1878,test_2821,0.09586651224022673
1879,test_2823,0.04306646321440626
1880,test_2824,0.9999985026966945
1881,test_2825,0.6310864314143741
1882,test_2826,0.04643501029605924
1883,test_2827,0.9999974019754911
1884,test_2829,0.9078048232381295
1885,test_2830,0.008063815363004675
1886,test_2831,0.999993203716855
1887,test_2832,0.11608957543610647
1888,test_2833,0.0005342775672027632
1889,test_2834,0.9999943307113596
1890,test_2838,0.31473868717306297
1891,test_2839,0.10358800059468527
1892,test_2840,0.05318797715070252
1893,test_2842,0.26295145457115277
1894,test_2843,0.18754899647836556
1895,test_2845,0.9992254751815657
1896,test_2846,0.9687246223831127
1897,test_2848,0.08808661604140923
1898,test_2849,0.0405731045822838
1899,test_2851,0.9999982729137215
1900,test_2852,0.9999664778454106
1901,test_2853,0.9999894350026967
1902,test_2854,0.6625062480839765
1903,test_2855,0.9976825723191737
1904,test_2856,0.04301207634208202
1905,test_2857,0.9997514454198373
1906,test_2858,0.08491103753392033
1907,test_2860,0.9625433928028978
1908,test_2861,6.917704477354703e-05
1909,test_2862,0.9998774442201809
1910,test_2864,0.9999998721186375
1911,test_2866,0.9999996897083975
1912,test_2867,0.4048799362270758
1913,test_2874,0.9999620968587415
1914,test_2875,0.5654146900521566
1915,test_2876,0.8598508296231911
1916,test_2877,0.21847375325138124
1917,test_2879,0.1639992091138916
1918,test_2880,0.8742100009073148
1919,test_2881,0.16251482705985912
1920,test_2882,0.07184311642362648
1921,test_2883,0.005360079910189339
1922,test_2884,0.9999816771002801
1923,test_2885,0.9992106824383195
1924,test_2886,0.9999383809841584
1925,test_2888,0.9999202585525183
1926,test_2889,0.9958103575492143
1927,test_2890,0.002135922727391025
1928,test_2893,0.0006405931839481684
1929,test_2894,0.01508916558401852
1930,test_2895,0.045593814074043816
1931,test_2896,0.7536970514971651
1932,test_2897,0.007819433568167186
1933,test_2899,0.5985278769618921
1934,test_2900,0.9954550221960792
1935,test_2901,0.09552243791383748
1936,test_2902,0.9528541026313238
1937,test_2905,0.007481865692905271
1938,test_2906,0.999993191710085
1939,test_2907,0.01048616459909988
1940,test_2910,0.9994343485569019
1941,test_2911,0.11833538674361109
1942,test_2912,0.3843222663731451
1943,test_2913,0.10198621175287882
1944,test_2914,0.434263026624824
1945,test_2916,0.9855784101917421
1946,test_2917,0.26516367952005054
1947,test_2918,0.9999995176489995
1948,test_2920,0.049690036937818885
1949,test_2921,0.2519541502184052
1950,test_2924,0.015409471417794687
1951,test_2925,0.0036370363172148028
1952,test_2926,0.9999671457311153
1953,test_2927,6.357085773394708e-05
1954,test_2929,0.9999877709129925
1955,test_2930,0.13906227662682996
1956,test_2931,0.9914146643541967
1957,test_2932,0.021861607399582678
1958,test_2934,0.17915477752831085
1959,test_2936,0.9999952580403
1960,test_2937,0.214391417696898
1961,test_2940,0.0973485508561264
